{
  "description": "项目私有配置文件。此文件中的内容将覆盖 project.config.json 中的相同字段。项目的改动优先同步到此文件中。详见文档：https://developers.weixin.qq.com/miniprogram/dev/devtools/projectconfig.html",
  "projectname": "10-other",
  "setting": {
    "compileHotReLoad": true,
    "urlCheck": false
  },
  "libVersion": "3.2.0",
  "condition": {
    "miniprogram": {
      "list": [
        {
          "name": "购物车",
          "pathName": "pages/cart/cart",
          "query": "",
          "launchMode": "default",
          "scene": null
        },
        {
          "name": "分类页面",
          "pathName": "pages/cate/cate",
          "query": "",
          "launchMode": "default",
          "scene": null
        }
      ]
    }
  }
}