{
  "description": "项目私有配置文件。此文件中的内容将覆盖 project.config.json 中的相同字段。项目的改动优先同步到此文件中。详见文档：https://developers.weixin.qq.com/miniprogram/dev/devtools/projectconfig.html",
  "projectname": "08-subpackage",
  "setting": {
    "compileHotReLoad": true,
    "urlCheck": false
  },
  "libVersion": "3.2.1",
  "condition": {
    "miniprogram": {
      "list": [
        {
          "name": "独立分包",
          "pathName": "modules/marketModule/pages/market/market",
          "query": "",
          "launchMode": "default",
          "scene": null
        }
      ]
    }
  }
}