{
  "compileType": "miniprogram",
  "miniprogramRoot": "miniprogram/",
  "setting": {
    "packNpmManually": true,
    "packNpmRelationList": [
      {
        "packageJsonPath": "./package.json",
        "miniprogramNpmDistDir": "./miniprogram"
      }
    ],
    "useCompilerPlugins": [],
    "coverView": true,
    "es6": true,
    "postcss": true,
    "minified": true,
    "enhance": true,
    "showShadowRootInWxmlPanel": true,
    "babelSetting": {
      "ignore": [],
      "disablePlugins": [],
      "outputPath": ""
    },
    "condition": true,
    "ignoreUploadUnusedFiles": true
  },
  "condition": {},
  "editorSetting": {
    "tabIndent": "insertSpaces",
    "tabSize": 2
  },
  "appid": "wx42b3c92e8c28e85b",
  "packOptions": {
    "ignore": [],
    "include": []
  },
  "srcMiniprogramRoot": "miniprogram/"
}