{
  "description": "项目私有配置文件。此文件中的内容将覆盖 project.config.json 中的相同字段。项目的改动优先同步到此文件中。详见文档：https://developers.weixin.qq.com/miniprogram/dev/devtools/projectconfig.html",
  "projectname": "03-template",
  "setting": {
    "compileHotReLoad": true,
    "urlCheck": true
  },
  "libVersion": "3.1.4",
  "condition": {
    "miniprogram": {
      "list": [
        {
          "name": "模拟强制更新",
          "pathName": "pages/index/index",
          "query": "",
          "launchMode": "default",
          "scene": null
        },
        {
          "name": "",
          "pathName": "pages/index/index",
          "query": "",
          "launchMode": "default",
          "scene": null
        },
        {
          "name": "促销页面",
          "pathName": "pages/market/market",
          "query": "",
          "launchMode": "default",
          "scene": null
        }
      ]
    }
  }
}