{
  "appid": "wx42b3c92e8c28e85b",
  "compileType": "miniprogram",
  "libVersion": "3.1.3",
  "packOptions": {
    "ignore": [],
    "include": []
  },
  "setting": {
    "useCompilerPlugins": [
      "sass"
    ],
    "coverView": true,
    "es6": true,
    "postcss": true,
    "minified": true,
    "enhance": true,
    "showShadowRootInWxmlPanel": true,
    "packNpmRelationList": [],
    "babelSetting": {
      "ignore": [],
      "disablePlugins": [],
      "outputPath": ""
    }
  },
  "condition": {},
  "editorSetting": {
    "tabIndent": "insertSpaces",
    "tabSize": 2
  }
}